version,n,rep,tiempo_ms
seq_O0,1000,1,-1305.62
seq_O0,1000,2,11975.8
seq_O0,1000,3,9005.79
seq_O0,1000,4,8540.36
seq_O0,1000,5,10599.3
seq_O0,2000,1,99855.1
seq_O0,2000,2,76929.8
seq_O0,2000,3,88420.2
seq_O0,2000,4,85686.1
seq_O0,2000,5,86426.4
seq_O0,3000,1,332451
seq_O0,3000,2,314924
seq_O0,3000,3,1.04419e+06
seq_O0,3000,4,316537
seq_O0,3000,5,318842
seq_O1,1000,1,1956.61
seq_O1,1000,2,13264
seq_O1,1000,3,1.02536e+06
seq_O1,1000,4,3594.95
seq_O1,1000,5,3359.85
seq_O1,2000,1,29590.2
